{"step0": 11.632183074951172, "step1": 11.624369621276855, "step2": 11.431818008422852, "step3": 10.84261703491211, "step4": 9.24416446685791, "step5": 8.97737979888916, "step6": 8.127442359924316, "step7": 7.655871391296387, "step8": 7.292820453643799, "step9": 6.045596122741699, "step10": 6.6091628074646, "step11": 6.186381816864014, "step12": 5.7897796630859375, "step13": 5.251614570617676, "step14": 4.089481353759766, "step15": 2.656862258911133, "step16": 2.519120216369629, "step17": 1.2162861824035645, "step18": 1.8844842910766602, "step19": 0.635749340057373, "step20": 0.7476198077201843, "step21": 0.716016411781311, "step22": 0.12567020952701569, "step23": 0.2345000058412552, "step24": 0.3923964202404022, "step25": 0.1414661407470703, "step26": 0.22103913128376007, "step27": 0.055251408368349075, "step28": 0.10110485553741455, "step29": 0.084654301404953, "step30": 0.02444620616734028, "step31": 0.025152042508125305, "step32": 0.020053941756486893, "step33": 0.014892184175550938, "step34": 0.016963116824626923, "step35": 0.016539456322789192, "step36": 0.02030603587627411, "step37": 0.032481882721185684, "step38": 0.019474033266305923, "step39": 0.01176768820732832, "step40": 0.01962975785136223, "step41": 0.0188878383487463, "step42": 0.014846104197204113, "step43": 0.018006758764386177, "step44": 0.018099768087267876, "step45": 0.01534396130591631, "step46": 0.014824836514890194, "step47": 0.016827400773763657, "step48": 0.01952243596315384, "step49": 0.014241841621696949, "step50": 0.020044323056936264, "step51": 0.018107784911990166, "step52": 0.01317562721669674, "step53": 0.017972728237509727, "step54": 0.016361890360713005, "step55": 0.01301648374646902, "step56": 0.016714846715331078, "step57": 0.014247999526560307, "step58": 0.016554540023207664, "step59": 0.017435558140277863, "step60": 0.009246074594557285, "step61": 0.012865175493061543, "step62": 0.01214390154927969, "step63": 0.01490881945937872, "step64": 0.011528648436069489, "step65": 0.02381623350083828, "step66": 0.017939390614628792, "step67": 0.014868407510221004, "step68": 0.014355507679283619, "step69": 0.013256060890853405, "step70": 0.012933810241520405, "step71": 0.016728337854146957, "step72": 0.016846075654029846, "step73": 0.013571049086749554, "step74": 0.012665222398936749, "step75": 0.017586054280400276, "step76": 0.014589476399123669, "step77": 0.014293174259364605, "step78": 0.014735635370016098, "step79": 0.018830431625247, "step80": 0.015232776291668415, "step81": 0.01157466322183609, "step82": 0.01410839892923832, "step83": 0.011678765527904034, "step84": 0.014618017710745335, "step85": 0.019525153562426567, "step86": 0.01512713823467493, "step87": 0.014011470600962639, "step88": 0.012284079566597939, "step89": 0.015112515538930893, "step90": 0.04702272266149521, "step91": 0.01807682029902935, "step92": 0.014868558384478092, "step93": 0.018997741863131523, "step94": 0.025502007454633713, "step95": 0.04854143038392067, "step96": 0.04438795521855354, "step97": 0.018790626898407936, "step98": 0.02170983888208866, "step99": 0.01738550327718258, "step100": 0.014025256037712097}