{"step0": 11.604747772216797, "step1": 11.635787010192871, "step2": 11.488134384155273, "step3": 11.143401145935059, "step4": 10.098892211914062, "step5": 9.859610557556152, "step6": 8.955573081970215, "step7": 8.535595893859863, "step8": 8.192456245422363, "step9": 7.044693946838379, "step10": 7.499872207641602, "step11": 7.143886566162109, "step12": 7.030387878417969, "step13": 7.0856733322143555, "step14": 6.8254218101501465, "step15": 6.961976051330566, "step16": 7.221550464630127, "step17": 6.680382251739502, "step18": 6.8688201904296875, "step19": 6.494545936584473, "step20": 6.603158473968506, "step21": 7.018787384033203, "step22": 6.177547931671143, "step23": 6.852066993713379, "step24": 6.940536022186279, "step25": 6.687042713165283, "step26": 6.6346282958984375, "step27": 6.5481438636779785, "step28": 6.157564163208008, "step29": 6.636080265045166, "step30": 5.704235076904297, "step31": 6.225302219390869, "step32": 6.5481038093566895, "step33": 6.350343227386475, "step34": 6.206942558288574, "step35": 5.861676216125488, "step36": 6.012004852294922, "step37": 6.2619147300720215, "step38": 6.192061901092529, "step39": 6.031928539276123, "step40": 5.605391979217529, "step41": 5.602968692779541, "step42": 5.001559257507324, "step43": 4.657657146453857, "step44": 11.0800142288208, "step45": 5.949498653411865, "step46": 4.562876224517822, "step47": 4.341418743133545, "step48": 3.8221583366394043, "step49": 3.2345166206359863, "step50": 2.360494375228882, "step51": 2.7740859985351562, "step52": 2.613931894302368, "step53": 1.8180993795394897, "step54": 1.8617314100265503, "step55": 1.2640173435211182, "step56": 0.4510137438774109, "step57": 1.1142903566360474, "step58": 1.0321346521377563, "step59": 0.3176463842391968, "step60": 0.6438014507293701, "step61": 0.5515167713165283, "step62": 0.3066280782222748, "step63": 0.3392324149608612, "step64": 0.2484259009361267, "step65": 0.2636825740337372, "step66": 0.0790695771574974, "step67": 0.05863559991121292, "step68": 0.07262302190065384, "step69": 0.07855761051177979, "step70": 0.0238506942987442, "step71": 0.03183332085609436, "step72": 0.026351485401391983, "step73": 0.018389228731393814, "step74": 0.015573895536363125, "step75": 0.02110261097550392, "step76": 0.015593079850077629, "step77": 0.01607138104736805, "step78": 0.017085876315832138, "step79": 0.02008458785712719, "step80": 0.016191797330975533, "step81": 0.012101147323846817, "step82": 0.014895446598529816, "step83": 0.012175251729786396, "step84": 0.015051706694066525, "step85": 0.01955518126487732, "step86": 0.016338534653186798, "step87": 0.014485608786344528, "step88": 0.012594171799719334, "step89": 0.014805256389081478, "step90": 0.018258284777402878, "step91": 0.013564104214310646, "step92": 0.013988133519887924, "step93": 0.012514094822108746, "step94": 0.013603529892861843, "step95": 0.013051568530499935, "step96": 0.010943988338112831, "step97": 0.016065876930952072, "step98": 0.017186840996146202, "step99": 0.01416989229619503, "step100": 0.01157932635396719}