{"step0": 11.659747123718262, "step1": 11.591175079345703, "step2": 11.492486953735352, "step3": 11.141987800598145, "step4": 10.105273246765137, "step5": 9.746179580688477, "step6": 8.703462600708008, "step7": 7.990355014801025, "step8": 7.544811248779297, "step9": 7.808340072631836, "step10": 7.745293617248535, "step11": 7.427352428436279, "step12": 6.784857749938965, "step13": 6.7561187744140625, "step14": 7.181676864624023, "step15": 7.253015041351318, "step16": 7.172335147857666, "step17": 7.000799655914307, "step18": 6.708580493927002, "step19": 6.5020036697387695, "step20": 6.805732727050781, "step21": 6.697351932525635, "step22": 6.782181262969971, "step23": 6.564047813415527, "step24": 6.957272529602051, "step25": 6.130037784576416, "step26": 6.806537628173828, "step27": 6.871231555938721, "step28": 6.351621627807617, "step29": 6.417236328125, "step30": 6.388776779174805, "step31": 6.439303398132324, "step32": 5.906373023986816, "step33": 6.06130838394165, "step34": 5.639366149902344, "step35": 6.136044502258301, "step36": 6.151428699493408, "step37": 6.1515045166015625, "step38": 6.052258491516113, "step39": 5.376382350921631, "step40": 5.8857598304748535, "step41": 5.447721004486084, "step42": 5.122611045837402, "step43": 4.775913238525391, "step44": 5.112318992614746, "step45": 4.574120998382568, "step46": 4.472921371459961, "step47": 3.904118537902832, "step48": 3.530880928039551, "step49": 3.851362466812134, "step50": 3.3837997913360596, "step51": 2.5463955402374268, "step52": 1.7424761056900024, "step53": 1.337912678718567, "step54": 1.5495485067367554, "step55": 1.4298286437988281, "step56": 0.8752860426902771, "step57": 0.6440832018852234, "step58": 1.1061736345291138, "step59": 0.6906488537788391, "step60": 0.298031747341156, "step61": 0.21853381395339966, "step62": 0.6657006144523621, "step63": 0.1827549785375595, "step64": 0.291582316160202, "step65": 0.127334862947464, "step66": 0.14134448766708374, "step67": 0.1261446624994278, "step68": 0.06029912084341049, "step69": 0.05972408875823021, "step70": 0.025056857615709305, "step71": 0.022042928263545036, "step72": 0.025051193311810493, "step73": 0.024072878062725067, "step74": 0.016885029152035713, "step75": 0.01449446752667427, "step76": 0.020967362448573112, "step77": 0.013645244762301445, "step78": 0.019516795873641968, "step79": 0.013942621648311615, "step80": 0.021520409733057022, "step81": 0.014664573594927788, "step82": 0.015090139582753181, "step83": 0.016583405435085297, "step84": 0.014084627851843834, "step85": 0.015891317278146744, "step86": 0.011419195681810379, "step87": 0.014142610132694244, "step88": 0.014877027831971645, "step89": 0.010545562952756882, "step90": 0.01428275741636753, "step91": 0.018074553459882736, "step92": 0.01455376110970974, "step93": 0.021866951137781143, "step94": 0.02541435696184635, "step95": 0.011158959940075874, "step96": 0.011287139728665352, "step97": 0.017023403197526932, "step98": 0.014713242650032043, "step99": 0.012455981224775314, "step100": 0.01678830198943615}