{"step0": 11.693242073059082, "step1": 11.606475830078125, "step2": 11.422260284423828, "step3": 10.798042297363281, "step4": 9.292673110961914, "step5": 8.857882499694824, "step6": 7.870080471038818, "step7": 6.957059383392334, "step8": 6.524792671203613, "step9": 6.941389083862305, "step10": 6.856839656829834, "step11": 6.48089599609375, "step12": 5.592972278594971, "step13": 5.134767532348633, "step14": 4.198275089263916, "step15": 2.295346975326538, "step16": 1.7365152835845947, "step17": 1.5179616212844849, "step18": 1.067034363746643, "step19": 0.625785231590271, "step20": 0.376713365316391, "step21": 0.420448362827301, "step22": 0.18820276856422424, "step23": 0.28902703523635864, "step24": 0.1903008669614792, "step25": 0.15513134002685547, "step26": 0.14552538096904755, "step27": 0.1432964950799942, "step28": 0.05462053045630455, "step29": 0.03653784468770027, "step30": 0.01843181625008583, "step31": 0.026368623599410057, "step32": 0.02009248547255993, "step33": 0.018030891194939613, "step34": 0.021570516750216484, "step35": 0.01647845469415188, "step36": 0.017691727727651596, "step37": 0.014191854745149612, "step38": 0.01619896851480007, "step39": 0.021572347730398178, "step40": 0.010962552390992641, "step41": 0.014224945567548275, "step42": 0.016660135239362717, "step43": 0.021459300071001053, "step44": 0.019243791699409485, "step45": 0.018951039761304855, "step46": 0.01983070932328701, "step47": 0.01682310923933983, "step48": 0.011453792452812195, "step49": 0.01130739413201809, "step50": 0.010794560424983501, "step51": 0.011774465441703796, "step52": 0.011744214221835136, "step53": 0.0156718622893095, "step54": 0.024197600781917572, "step55": 0.016819583252072334, "step56": 0.015072117559611797, "step57": 0.016568277031183243, "step58": 0.014827526174485683, "step59": 0.01539149321615696, "step60": 0.018410325050354004, "step61": 0.01824842020869255, "step62": 0.018122654408216476, "step63": 0.015435397624969482, "step64": 0.02023870125412941, "step65": 0.012148099020123482, "step66": 0.01488831639289856, "step67": 0.017708275467157364, "step68": 0.013571181334555149, "step69": 0.02054699882864952, "step70": 0.010410718619823456, "step71": 0.015830932185053825, "step72": 0.039783235639333725, "step73": 0.015456713736057281, "step74": 0.07693113386631012, "step75": 0.01369122602045536, "step76": 0.020787646993994713, "step77": 0.013358497060835361, "step78": 0.016218865290284157, "step79": 0.011834044940769672, "step80": 0.02164316177368164, "step81": 0.015163847245275974, "step82": 0.01507734414190054, "step83": 0.01621440052986145, "step84": 0.01435896661132574, "step85": 0.01639682427048683, "step86": 0.011012908071279526, "step87": 0.013887756504118443, "step88": 0.014622888527810574, "step89": 0.010149708949029446, "step90": 0.013485210947692394, "step91": 0.018216731026768684, "step92": 0.015133487991988659, "step93": 0.022217892110347748, "step94": 0.025993432849645615, "step95": 0.011509527452290058, "step96": 0.011351591907441616, "step97": 0.01828538067638874, "step98": 0.015811558812856674, "step99": 0.014936611987650394, "step100": 0.01750137098133564}