{"step0": 11.604747772216797, "step1": 11.63786792755127, "step2": 11.491278648376465, "step3": 11.162521362304688, "step4": 10.166690826416016, "step5": 9.635523796081543, "step6": 8.799812316894531, "step7": 8.535675048828125, "step8": 7.873900890350342, "step9": 7.858940124511719, "step10": 7.717761993408203, "step11": 7.346045017242432, "step12": 7.434327602386475, "step13": 6.835907459259033, "step14": 7.171913146972656, "step15": 6.960487365722656, "step16": 6.605310440063477, "step17": 7.082812309265137, "step18": 7.284355163574219, "step19": 7.546591758728027, "step20": 7.005886554718018, "step21": 6.248469829559326, "step22": 6.82562780380249, "step23": 6.520118236541748, "step24": 6.991869926452637, "step25": 6.476569652557373, "step26": 6.504281520843506, "step27": 6.917065620422363, "step28": 6.6541361808776855, "step29": 6.26240873336792, "step30": 6.542388916015625, "step31": 6.192225456237793, "step32": 6.4136061668396, "step33": 6.353899955749512, "step34": 6.099732398986816, "step35": 5.37131404876709, "step36": 5.31651496887207, "step37": 6.235520362854004, "step38": 6.094668865203857, "step39": 6.071135997772217, "step40": 5.857005596160889, "step41": 5.903076648712158, "step42": 5.678165912628174, "step43": 5.530637741088867, "step44": 5.185655117034912, "step45": 4.488304138183594, "step46": 4.6589035987854, "step47": 3.7441279888153076, "step48": 13.620828628540039, "step49": 5.088615417480469, "step50": 4.146520137786865, "step51": 3.9536123275756836, "step52": 2.973750591278076, "step53": 3.28780198097229, "step54": 2.4798030853271484, "step55": 1.5643386840820312, "step56": 1.841530203819275, "step57": 1.6026062965393066, "step58": 1.0999736785888672, "step59": 2.2095518112182617, "step60": 1.1191327571868896, "step61": 0.3868493437767029, "step62": 0.3732953667640686, "step63": 0.07076654583215714, "step64": 0.6115319132804871, "step65": 0.2978292405605316, "step66": 0.2458672672510147, "step67": 0.2850115895271301, "step68": 0.11315810680389404, "step69": 0.0470132939517498, "step70": 0.05758965015411377, "step71": 0.1282932162284851, "step72": 0.08336951583623886, "step73": 0.041706133633852005, "step74": 0.046959321945905685, "step75": 0.023035522550344467, "step76": 0.022566962987184525, "step77": 0.04992121830582619, "step78": 0.021249232813715935, "step79": 0.017017005011439323, "step80": 0.017328675836324692, "step81": 0.015484100207686424, "step82": 0.021088996902108192, "step83": 0.01826784946024418, "step84": 0.014430901035666466, "step85": 0.013490335084497929, "step86": 0.015597991645336151, "step87": 0.01724284514784813, "step88": 0.019114186987280846, "step89": 0.01772472634911537, "step90": 0.01875748485326767, "step91": 0.024191664531826973, "step92": 0.013166991993784904, "step93": 0.01840081997215748, "step94": 0.016230935230851173, "step95": 0.013138698413968086, "step96": 0.014812368899583817, "step97": 0.013973278924822807, "step98": 0.018566617742180824, "step99": 0.015930183231830597, "step100": 0.013574659824371338}