{"step0": 11.68528938293457, "step1": 11.613764762878418, "step2": 11.418972969055176, "step3": 10.798460006713867, "step4": 9.495116233825684, "step5": 9.096092224121094, "step6": 8.000907897949219, "step7": 7.716043472290039, "step8": 7.161747455596924, "step9": 6.541933536529541, "step10": 6.342811584472656, "step11": 6.364416599273682, "step12": 5.711399078369141, "step13": 5.168206691741943, "step14": 3.663055419921875, "step15": 2.8066868782043457, "step16": 2.710143804550171, "step17": 2.023715019226074, "step18": 1.150570034980774, "step19": 0.4818727970123291, "step20": 0.5347322821617126, "step21": 0.6978250741958618, "step22": 0.36162006855010986, "step23": 0.1250041425228119, "step24": 0.18640893697738647, "step25": 0.10777813196182251, "step26": 0.24486038088798523, "step27": 0.04017820581793785, "step28": 0.049163855612277985, "step29": 0.05504055693745613, "step30": 0.029284115880727768, "step31": 0.0308622345328331, "step32": 0.022728586569428444, "step33": 0.028552230447530746, "step34": 0.021265506744384766, "step35": 0.021553270518779755, "step36": 0.0217086561024189, "step37": 0.02136082574725151, "step38": 0.012001313269138336, "step39": 0.025242242962121964, "step40": 0.022413207218050957, "step41": 0.017049327492713928, "step42": 0.011446280404925346, "step43": 0.012447105720639229, "step44": 0.017528867349028587, "step45": 0.015937941148877144, "step46": 0.014250094071030617, "step47": 0.020258091390132904, "step48": 0.014113210141658783, "step49": 0.020706119015812874, "step50": 0.019128955900669098, "step51": 0.013743874616920948, "step52": 0.013483855873346329, "step53": 0.018818432465195656, "step54": 0.013881011866033077, "step55": 0.01636860892176628, "step56": 0.01410726923495531, "step57": 0.016775859519839287, "step58": 0.01872125267982483, "step59": 0.01300506480038166, "step60": 0.016212739050388336, "step61": 0.016140971332788467, "step62": 0.013548864051699638, "step63": 0.0212375670671463, "step64": 0.015635652467608452, "step65": 0.01751556806266308, "step66": 0.012784806080162525, "step67": 0.014231959357857704, "step68": 0.01842251420021057, "step69": 0.023554176092147827, "step70": 0.01064143143594265, "step71": 0.01654617115855217, "step72": 0.01413426548242569, "step73": 0.016905367374420166, "step74": 0.01710820011794567, "step75": 0.01669316180050373, "step76": 0.024659663438796997, "step77": 0.021950609982013702, "step78": 0.025138895958662033, "step79": 0.01600099354982376, "step80": 0.016521112993359566, "step81": 0.015352938324213028, "step82": 0.015012668445706367, "step83": 0.01667299121618271, "step84": 0.017487064003944397, "step85": 0.016088522970676422, "step86": 0.01766677387058735, "step87": 0.016350286081433296, "step88": 0.0145505890250206, "step89": 0.018834833055734634, "step90": 0.017940325662493706, "step91": 0.013900178484618664, "step92": 0.021627403795719147, "step93": 0.021083179861307144, "step94": 0.01856892555952072, "step95": 0.016106242313981056, "step96": 0.019296793267130852, "step97": 0.015857569873332977, "step98": 0.012968065217137337, "step99": 0.01596655696630478, "step100": 0.014266952872276306}