{"step0": 11.643226623535156, "step1": 11.60155200958252, "step2": 11.506084442138672, "step3": 11.135108947753906, "step4": 10.237043380737305, "step5": 9.954730987548828, "step6": 8.954263687133789, "step7": 8.625105857849121, "step8": 8.127403259277344, "step9": 7.450435638427734, "step10": 7.244113445281982, "step11": 7.304502010345459, "step12": 6.823523044586182, "step13": 6.769433975219727, "step14": 6.7501301765441895, "step15": 6.846655368804932, "step16": 6.112556457519531, "step17": 7.285961627960205, "step18": 7.056284427642822, "step19": 6.660974502563477, "step20": 6.601715564727783, "step21": 7.033633232116699, "step22": 6.91205358505249, "step23": 6.309933662414551, "step24": 6.288717746734619, "step25": 6.540214538574219, "step26": 6.673343658447266, "step27": 6.515783309936523, "step28": 6.500109672546387, "step29": 6.16010856628418, "step30": 5.887735843658447, "step31": 6.0625200271606445, "step32": 5.829618453979492, "step33": 5.36249303817749, "step34": 6.136606693267822, "step35": 5.599326133728027, "step36": 5.823671340942383, "step37": 5.4833245277404785, "step38": 6.131040573120117, "step39": 5.414289474487305, "step40": 5.56423807144165, "step41": 5.978687286376953, "step42": 5.820801734924316, "step43": 5.704879283905029, "step44": 5.4009623527526855, "step45": 5.019592761993408, "step46": 4.809015274047852, "step47": 12.169679641723633, "step48": 8.064335823059082, "step49": 4.684755802154541, "step50": 3.517932653427124, "step51": 2.3787031173706055, "step52": 2.7965028285980225, "step53": 1.9768011569976807, "step54": 2.366692066192627, "step55": 0.8410749435424805, "step56": 1.5545103549957275, "step57": 0.9194399118423462, "step58": 1.672391414642334, "step59": 0.9498435854911804, "step60": 0.49026617407798767, "step61": 0.8072347640991211, "step62": 0.8289653062820435, "step63": 0.6609598398208618, "step64": 0.47864967584609985, "step65": 0.36502885818481445, "step66": 0.27282100915908813, "step67": 0.20488682389259338, "step68": 0.08975139260292053, "step69": 0.06947815418243408, "step70": 0.0865272656083107, "step71": 0.04165642336010933, "step72": 0.02276480570435524, "step73": 0.025023775175213814, "step74": 0.024312250316143036, "step75": 0.023862816393375397, "step76": 0.026792120188474655, "step77": 0.026060327887535095, "step78": 0.025177929550409317, "step79": 0.016795367002487183, "step80": 0.019114263355731964, "step81": 0.01594444550573826, "step82": 0.016140198335051537, "step83": 0.016935214400291443, "step84": 0.018251260742545128, "step85": 0.016413738951086998, "step86": 0.018773632124066353, "step87": 0.01634618639945984, "step88": 0.014969313517212868, "step89": 0.016332928091287613, "step90": 0.018694544211030006, "step91": 0.013588525354862213, "step92": 0.021492285653948784, "step93": 0.02179107628762722, "step94": 0.01798832416534424, "step95": 0.015652325004339218, "step96": 0.019305089488625526, "step97": 0.015363814309239388, "step98": 0.012928549200296402, "step99": 0.015398003160953522, "step100": 0.014220507815480232}