{"step0": 11.632183074951172, "step1": 11.65450668334961, "step2": 11.454961776733398, "step3": 10.8452730178833, "step4": 9.29067611694336, "step5": 8.670248985290527, "step6": 7.935199737548828, "step7": 7.658337116241455, "step8": 6.967037200927734, "step9": 6.978691101074219, "step10": 6.846500396728516, "step11": 6.368200778961182, "step12": 6.267899036407471, "step13": 5.058462619781494, "step14": 3.8156731128692627, "step15": 2.875990629196167, "step16": 3.1303622722625732, "step17": 1.7218466997146606, "step18": 1.7245819568634033, "step19": 1.230081558227539, "step20": 0.6221181750297546, "step21": 0.1529323011636734, "step22": 0.37204915285110474, "step23": 0.23867350816726685, "step24": 0.3823693096637726, "step25": 0.07783623784780502, "step26": 0.04218195751309395, "step27": 0.13875071704387665, "step28": 0.024491632357239723, "step29": 0.029491983354091644, "step30": 0.03834642097353935, "step31": 0.030481668189167976, "step32": 0.022500647231936455, "step33": 0.019324349239468575, "step34": 0.019394997507333755, "step35": 0.02439187839627266, "step36": 0.02423795498907566, "step37": 0.020570294931530952, "step38": 0.014087374322116375, "step39": 0.01749970205128193, "step40": 0.014546707272529602, "step41": 0.013451891019940376, "step42": 0.03206435218453407, "step43": 0.014463120140135288, "step44": 0.017116650938987732, "step45": 0.018620463088154793, "step46": 0.013750633224844933, "step47": 0.01901332288980484, "step48": 0.0163215771317482, "step49": 0.02012839913368225, "step50": 0.017848964780569077, "step51": 0.015824241563677788, "step52": 0.01721564121544361, "step53": 0.014683148823678493, "step54": 0.0189434252679348, "step55": 0.012983006425201893, "step56": 0.017870811745524406, "step57": 0.01833065040409565, "step58": 0.013499409891664982, "step59": 0.022911805659532547, "step60": 0.01530257798731327, "step61": 0.015353139489889145, "step62": 0.014982608146965504, "step63": 0.01766221970319748, "step64": 0.01946561597287655, "step65": 0.02129572629928589, "step66": 0.019886942580342293, "step67": 0.015437738038599491, "step68": 0.019056981429457664, "step69": 0.014190499670803547, "step70": 0.012366883456707, "step71": 0.014788863249123096, "step72": 0.02152765356004238, "step73": 0.017728976905345917, "step74": 0.01936907321214676, "step75": 0.01746920868754387, "step76": 0.018181083723902702, "step77": 0.03188299387693405, "step78": 0.01642424426972866, "step79": 0.014726591296494007, "step80": 0.016122935339808464, "step81": 0.014969062991440296, "step82": 0.020882083103060722, "step83": 0.016800077632069588, "step84": 0.013764028437435627, "step85": 0.012616683728992939, "step86": 0.015419862233102322, "step87": 0.016801908612251282, "step88": 0.019326267763972282, "step89": 0.017205821350216866, "step90": 0.01741863787174225, "step91": 0.02254474349319935, "step92": 0.012898064218461514, "step93": 0.018001386895775795, "step94": 0.017399482429027557, "step95": 0.013208435848355293, "step96": 0.015343463979661465, "step97": 0.013168592937290668, "step98": 0.018444448709487915, "step99": 0.015246356837451458, "step100": 0.013149295002222061}